Job ID,Job Category,Required Skills,Location Type,Experience (Years),Estimated Monthly Salary (BDT),Other Key Qualifications,Trend Ref. (Approx. Year)
1,Software Development (Legacy),"PHP, MySQL, jQuery, HTML/CSS",On-site,1-2,"25,000 - 40,000","Good problem-solving, basic English for documentation.",2015-2017
2,Software Development (Modern),"Java/Spring Boot, REST APIs, Microservices, Angular/React",On-site,3-5,"60,000 - 110,000","Strong OOD, Unit Testing, Version Control (Git).",2018-2020
3,Software Development (Current),"Python, Django/Flask, React/Vue, Cloud (AWS/Azure) Basics",Remote/Hybrid,2-4,"50,000 - 90,000","CI/CD familiarity, Agile/Scrum experience.",2021-Present
4,Data Entry/BPO,"Microsoft Office, Typing Speed (40+ WPM), Basic English",On-site,0-1,"15,000 - 22,000","Attention to detail, good work ethic.",2015-Present
5,IT Support/Helpdesk,"Windows/Linux Troubleshooting, Networking Basics, Ticketing Systems",On-site,1-3,"28,000 - 45,000","Customer service skills, CompTIA A+ or similar.",2015-Present
6,Network Engineer,"Cisco/Juniper/MikroTik, TCP/IP, Routing/Switching, Firewalls",On-site/Hybrid,4-7,"75,000 - 150,000","CCNA/CCNP certification, Strong security knowledge.",2017-Present
7,UI/UX Designer (Basic),"Adobe Photoshop/Illustrator, Basic Wireframing",On-site,1-2,"30,000 - 50,000",Portfolio of static designs.,2016-2018
8,UI/UX Designer (Current),"Figma/Sketch, Prototyping, User Research, Design Systems",Remote/Hybrid,3-6,"60,000 - 120,000","UX certification, excellent English for client communication.",2020-Present
9,Mobile App Developer (Legacy),"Native Android (Java), Basic iOS (Objective-C)",On-site,2-4,"45,000 - 80,000",Experience with Google Play/App Store submission.,2016-2019
10,Mobile App Developer (Current),"Flutter/React Native, Dart/JavaScript, Firebase, APIs",Remote/Hybrid,3-5,"70,000 - 130,000","State Management, Performance Optimization.",2020-Present
11,Cybersecurity Analyst (Entry),"Basic Security Concepts, Kali Linux, Penetration Testing Tools",On-site,1-3,"40,000 - 70,000",CEH or basic security training.,2019-Present
12,Senior Cybersecurity Engineer,"SIEM, Threat Hunting, Cloud Security (AWS/Azure), Compliance",Hybrid,6+,"150,000 - 300,000+","CISSP/CISM, experience leading incident response.",2022-Present
13,Digital Marketing Specialist (Basic),"Facebook Ads, Basic SEO, Content Writing (Bangla)",On-site,1-2,"25,000 - 40,000","Google Ads certification, social media management.",2017-2019
14,Digital Marketing Manager,"Google Analytics 4, SEM/PPC, A/B Testing, Data-Driven Strategy",Remote/Hybrid,4-7,"70,000 - 140,000","Proven ROI track record, international client handling.",2020-Present
15,DevOps Engineer,"Docker, Kubernetes, AWS/Azure/GCP, CI/CD (Jenkins/GitLab)",Hybrid,3-5,"80,000 - 160,000","Infrastructure as Code (Terraform/Ansible), scripting (Python/Shell).",2019-Present (High Demand)
16,Cloud Architect (Senior),"Multi-cloud experience, Solution Design, Cost Optimization",Remote,8+,"200,000 - 400,000+","Professional Cloud Architect certification (e.g., AWS SA Pro).",2022-Present
17,Data Analyst,"SQL, Python (Pandas/NumPy), Microsoft Excel, Basic Statistics",On-site/Hybrid,2-4,"50,000 - 90,000",Data Visualization (Tableau/Power BI).,2020-Present
18,Data Scientist/ML Engineer,"Python (Scikit-learn/TensorFlow/PyTorch), NLP/Computer Vision",Remote/Hybrid,4-7,"120,000 - 250,000+","Master's degree (preferred), experience deploying models to production.",2022-Present (Rapid Growth)
19,Project Manager (Waterfall),"MS Project, PMP (optional), Basic Software Knowledge",On-site,5-8,"80,000 - 150,000","Strong people management, documentation focus.",2015-2018
20,Scrum Master/Agile PM,"Scrum/Kanban, Jira/Trello, Stakeholder Management",Hybrid,3-6,"70,000 - 130,000","CSM/PSM certification, conflict resolution skills.",2019-Present
21,Quality Assurance (Manual),"Test Case Design, Bug Reporting (JIRA), Functional Testing",On-site,1-3,"30,000 - 55,000","Attention to detail, communication with developers.",2015-2018
22,Quality Assurance (Automation),"Selenium/Cypress, Scripting (Python/Java), API Testing (Postman)",Remote/Hybrid,3-5,"60,000 - 100,000","CI/CD integration, performance testing basics.",2019-Present
23,ERP Consultant (Mid-level),"SAP/Oracle/Dynamics knowledge, Business Process Mapping",On-site/Hybrid,4-6,"90,000 - 180,000","Module-specific certification, client-facing experience.",2017-Present
24,Technical Writer,"Excellent English writing, Documentation Tools (Confluence/GitBook)",Remote,2-4,"40,000 - 70,000",Ability to translate technical jargon into simple language.,2018-Present (Growing Remote Demand)
25,Blockchain Developer,"Solidity, Web3.js, Smart Contract Development, Cryptography",Remote,2-5,"100,000 - 200,000+","Experience with specific chains (e.g., Ethereum, BNB Chain).",2022-Present (Niche High-Pay)
26,Embedded Systems Engineer,"C/C++, Microcontrollers (Arduino/Raspberry Pi), RTOS",On-site,3-6,"60,000 - 120,000","Hardware prototyping skills, IoT protocols (MQTT).",2017-Present
27,E-commerce Manager (Local),"Shopify/WooCommerce, Inventory Management, Local Logistics",On-site,3-5,"50,000 - 90,000",Understanding of local consumer behavior.,2016-Present
28,Game Developer (Unity/Unreal),"C#/C++, Game Physics, 2D/3D Asset Integration",Hybrid,2-4,"50,000 - 100,000","Strong portfolio of games, team collaboration.",2019-Present
29,Salesforce Developer,"Apex, Lightning Web Components, SOQL, Platform Customization",Remote/Hybrid,3-5,"80,000 - 150,000",Salesforce Developer Certification.,2020-Present
30,IT Auditor/Compliance Officer,"IT Governance (COBIT, ITIL), IS Audit Standards (ISO 27001)",On-site/Hybrid,4-7,"90,000 - 160,000","CISA certification, regulatory knowledge.",2018-Present
31,Database Administrator (DBA),"SQL Server/Oracle, Performance Tuning, Backup/Recovery",On-site/Hybrid,5-8,"90,000 - 180,000","Certification (e.g., MCSA, Oracle Certified Professional), 24/7 support experience.",2015-Present
32,Full-Stack Developer (MERN/MEAN),"MongoDB, Express, React/Angular, Node.js, JavaScript/TypeScript",Remote/Hybrid,3-6,"70,000 - 140,000","State management (Redux/MobX), strong API design focus.",2019-Present (High Demand)
33,Business Analyst (Legacy),"Requirement Gathering, Documentation (BRD/SRS), Waterfall/SDLC",On-site,3-5,"55,000 - 90,000",Experience with banking or telecom sector projects.,2015-2018
34,Product Owner/Manager,"Agile Methodologies, Product Strategy, User Story Mapping, Jira",Hybrid,5-8,"100,000 - 200,000","Certified Scrum Product Owner (CSPO), market research skills.",2020-Present (High Growth)
35,Graphics Designer (Local Agency),"Adobe Illustrator/InDesign, Print Media Design (Brochures, Banners)",On-site,1-3,"20,000 - 35,000","Quick turnaround time, familiarity with local printing standards.",2015-2017
36,Motion Graphics Artist/Video Editor,"Adobe After Effects/Premiere Pro, 2D/3D Animation Basics",Remote/Hybrid,2-5,"45,000 - 80,000",Portfolio with high-quality animated content.,2018-Present
37,Senior Solutions Architect,"Enterprise Integration Patterns, TOGAF/Archimate, System Design",Hybrid,10+,"250,000 - 500,000+","Cross-functional leadership, proven track record of large-scale project delivery.",2020-Present
38,Content Moderator (BPO),"Excellent English/Multilingual Fluency, Policy Enforcement, Attention to Detail",On-site,0-2,"25,000 - 40,000","Ability to handle sensitive content, shift work flexibility.",2017-Present (ITES Sector)
39,Call Center Agent (Outbound Sales),"Strong English Communication (Accent Neutral), Sales Scripts, CRM",On-site,1-3,"30,000 - 50,000 (Plus Commission)","Target-driven, US/UK shift schedule flexibility.",2015-Present
40,AR/VR Developer,"Unity/Unreal Engine, C#/C++, 3D Modeling (Blender/Maya) Basics",Hybrid,3-6,"80,000 - 150,000","Experience with Oculus/Vive SDKs, strong mathematics.",2022-Present (Emerging Niche)
41,Embedded IoT Developer,"Python/C, AWS IoT Core/Azure IoT Hub, Sensor Integration, Security",On-site/Hybrid,4-7,"90,000 - 170,000","Hardware-Software co-design, real-time operating systems.",2019-Present
42,Sales/Account Manager (IT Services),"B2B Sales, IT Service Knowledge, Negotiation, Client Relationship Management",On-site/Hybrid,4-8,"60,000 - 120,000 (Plus Incentives)","Proven sales quota achievement, local and international market knowledge.",2015-Present
43,Ethical Hacker/Penetration Tester,"OWASP Top 10, Network Security Assessment, Exploit Development",Hybrid,3-6,"80,000 - 150,000","OSCP/SANS certification, clean background check.",2021-Present (Growing Demand)
44,Technical Support Engineer (L2/L3),"Deep troubleshooting, Windows Server/Linux Admin, Scripting (PowerShell/Bash)",Remote/Hybrid,4-7,"65,000 - 120,000",Excellent technical communication for global clients.,2018-Present
45,Cloud Security Engineer,"IAM, Security Hub, WAF/CDN, Cloud-native Security Tools",Remote,5-9,"130,000 - 250,000",AWS/Azure Security Specialist certification.,2022-Present (High Value)
46,SEO Specialist (Legacy),"Keyword Research (Basic), On-Page Optimization, Google Algorithm (Basic)",On-site,1-3,"25,000 - 40,000",Experience using simple SEO tools.,2015-2018
47,Growth Hacker/Performance Marketer,"Funnel Optimization, Data Analytics, Experimentation (A/B Testing), Paid Campaigns",Remote/Hybrid,3-6,"60,000 - 110,000",Proven track record of user acquisition/retention.,2020-Present (High Growth)
48,Software Engineering Manager,"Team Leadership, Technical Mentorship, Budget Management, SDLC Oversight",On-site/Hybrid,8+,"180,000 - 350,000+","People management skills, experience scaling a team.",2018-Present
49,Core Banking System (CBS) Specialist,"T24/Flexcube/Finacle knowledge, Financial Domain Expertise, SQL",On-site,5-10,"120,000 - 250,000",Mandatory for large local banks and financial institutions.,2015-Present (Stable Demand)
50,Business Intelligence (BI) Developer,"ETL/ELT Tools (SSIS/Talend), Data Warehouse Design, SQL, Power BI/Tableau",Hybrid,3-6,"70,000 - 130,000","Dimensional Modeling (Kimball/Inmon), attention to data quality.",2018-Present
51,No-Code/Low-Code Developer,"OutSystems/Mendix/Bubble, Rapid Application Development, Integrations",Remote,2-4,"50,000 - 90,000",Focus on business process automation and speed.,2021-Present
52,UX Researcher,"Interviews, Surveys, A/B Testing, Heuristic Evaluation, Statistical Analysis",Remote/Hybrid,3-5,"60,000 - 110,000","Psychology/Cognitive Science background (a plus), detailed report writing.",2021-Present
53,Computer Vision Engineer,"OpenCV, Deep Learning Frameworks (Keras/PyTorch), C++ / Python",Remote,4-7,"110,000 - 220,000",Experience with video processing and real-time systems.,2022-Present (Advanced AI Niche)
54,Desktop Application Developer (Legacy),"C#/.NET Framework, Windows Forms, Basic Database Integration",On-site,2-4,"35,000 - 60,000",Still used in niche local government/small business applications.,2015-2017
55,Customer Success Manager (SaaS),"Client Onboarding, Retention Strategy, Product Advocacy, Communication",Remote,3-6,"70,000 - 130,000",Experience working for a global SaaS product company.,2020-Present (Global Focus)
56,IT Trainer/Instructor,"Subject Matter Expertise (e.g., Python, AWS, Networking), Presentation Skills",Hybrid,5+,"60,000 - 100,000",Certifications in the training subject area.,2015-Present
57,Head of Engineering/CTO,"Technology Strategy, R&D, Team Scaling, P&L Responsibility",On-site/Hybrid,12+,"350,000 - 700,000+",Must have experience leading engineering at a major local or international firm.,2015-Present (Top Tier)
58,FinTech Developer,"Strong security knowledge, Payment Gateway Integration (SSLCOMMERZ, bKash), Go/Rust (a plus)",Hybrid,4-7,"90,000 - 180,000","Regulatory compliance (e.g., Bangladesh Bank guidelines) familiarity.",2019-Present
59,Web3/Smart Contract Auditor,"Solidity, Formal Verification, Bug Bounty Hunting Experience, Cryptoeconomics",Remote,3-6,"150,000 - 300,000+",Deep understanding of security vulnerabilities in decentralized systems.,2023-Present (Highly Specialized)
60,Academic Researcher (ICT),"MATLAB/R, Advanced Statistical Modeling, Research Publication Track Record",On-site/Hybrid,5+,"50,000 - 90,000",PhD or Master's with significant research output.,2015-Present (University/Research Inst.)
61,Data Engineer,"ETL Pipelines (Airflow/Informatica), Python/Scala, Spark, Data Warehousing (Snowflake/Redshift)",Remote/Hybrid,4-7,"100,000 - 190,000","Cloud Data Certifications (e.g., GCP Data Engineer), strong SQL.",2020-Present (High Demand)
62,Performance Test Engineer,"JMeter/Gatling/LoadRunner, Load Modeling, Bottleneck Analysis, Cloud Deployment",Hybrid,3-6,"70,000 - 130,000","Experience with large transaction volumes, CI/CD integration.",2019-Present
63,Senior Frontend Developer,"Advanced React/Vue/Angular, TypeScript, Webpack/Babel, State Management (Zustand/NGRX)",Remote,5-8,"110,000 - 220,000","Focus on scalability, accessibility (A11Y), and performance optimization.",2021-Present
64,Backend Developer (Go/Rust),"Go (Golang) or Rust, Concurrency, gRPC/Protocol Buffers, Database Sharding",Remote,3-6,"90,000 - 180,000",Used primarily in high-performance FinTech or specialized backend services.,2022-Present (Emerging High-Pay)
65,IT Operations Manager,"ITIL V3/V4, Service Desk Management, Vendor Management, Budgeting",On-site/Hybrid,7+,"120,000 - 250,000","Certifications (ITIL Expert), Disaster Recovery Planning (DRP) experience.",2015-Present
66,Telecommunication Network Planner,"GSM/UMTS/LTE/5G Technology, Radio Frequency (RF) Planning, Capacity Management",On-site,4-7,"80,000 - 160,000","Experience with specific vendor equipment (Ericsson, Huawei, Nokia).",2015-Present (Stable Demand)
67,DevSecOps Engineer,"Security Tools Integration (SAST/DAST), Secrets Management, Hardening CI/CD Pipelines",Remote/Hybrid,4-7,"120,000 - 230,000","Cloud security knowledge, experience automating security checks.",2022-Present (Highly Specialized)
68,AI Prompt Engineer,"Advanced NLP/LLM Interaction, Fine-tuning Prompts, Creative Writing, AI APIs",Remote,1-3,"60,000 - 120,000","Deep understanding of Generative AI models (e.g., Gemini, GPT).",2023-Present (Very New Field)
69,"Technical Support Specialist (BPO, Night Shift)","Excellent English Verbal Communication, US Client Time Zone (Night), VoIP Systems",On-site,1-3,"40,000 - 65,000",Prior experience supporting software or hardware products internationally.,2017-Present
70,Business Process Re-engineering (BPR) Consultant,"Process Mapping (BPMN), Six Sigma/Lean Principles, Change Management",On-site/Hybrid,6+,"100,000 - 190,000",Focused on optimizing workflow for large local enterprises/government projects.,2018-Present
71,System Administrator (Basic Linux),"Basic Linux Command Line, Server Maintenance, Shell Scripting, cPanel/WHM",On-site,1-3,"30,000 - 50,000",Focus on local hosting/web server management.,2015-2018
72,Site Reliability Engineer (SRE),"Monitoring/Alerting (Prometheus/Grafana), SLO/SLA Definition, Post-mortem Analysis",Remote/Hybrid,5-8,"130,000 - 250,000","Strong coding background, experience with distributed systems.",2020-Present (High Value)
73,Embedded Linux Developer,"Kernel Programming, Device Drivers, Yocto/Buildroot, Board Support Package (BSP)",On-site/Hybrid,4-7,"90,000 - 170,000","Specific hardware platform expertise (e.g., ARM).",2018-Present
74,Scrum Master (Scaling),"SAFe/LeSS Frameworks, Multiple Team Coordination, Impediment Removal",Hybrid,6+,"110,000 - 210,000","Advanced certification (e.g., Certified SAFe Scrum Master), coaching skills.",2022-Present
75,Cloud Financial Management (FinOps) Specialist,"Cloud Cost Monitoring (Cost Explorer), Budgeting/Forecasting, Resource Tagging",Remote,3-5,"80,000 - 150,000","AWS/Azure/GCP cost management tools, financial background a plus.",2022-Present (Niche Optimization)
76,Data Governance Specialist,"Data Quality Frameworks, Metadata Management, Regulatory Compliance (e.g., GDPR, local laws)",On-site/Hybrid,5-8,"100,000 - 180,000",Focus on establishing standards for data handling in large organizations.,2020-Present
77,Legacy System Migration Specialist,"COBOL/Mainframe/AS400 knowledge, experience moving to cloud-native stacks",On-site/Hybrid,8+,"150,000 - 300,000",Niche role for financial/government sector modernization projects.,2015-Present (Project Based)
78,IT Procurement Officer,"Vendor Negotiation, Contract Management (SLA), Hardware/Software Licensing",On-site,3-6,"50,000 - 90,000","Strong financial and legal acumen, local market vendor knowledge.",2015-Present
79,SEO/SEM Manager,"Advanced Google Ads/Bing Ads, Budget Management, Conversion Rate Optimization (CRO)",Remote/Hybrid,4-7,"80,000 - 160,000",High focus on paid media ROI and analytics.,2019-Present
80,WordPress/CMS Developer,"WordPress/Joomla/Drupal, PHP/MySQL, Theme & Plugin Customization, Security Hardening",Remote/Hybrid,2-4,"40,000 - 75,000",High volume of small to medium enterprise website projects.,2015-Present (Stable Demand)
81,Computer Graphics Programmer (Gaming/Simulation),"OpenGL/Vulkan/DirectX, Shaders (GLSL/HLSL), Geometric Algorithms",Remote,4-7,"100,000 - 200,000","Highly specialized role, strong math and physics background.",2021-Present
82,Client Relationship Manager (Offshore),"Excellent verbal English, Global Client Handling (North America/Europe), Contract Renewals",Remote,5-9,"150,000 - 300,000+","Proven success in growing an offshore portfolio, travel readiness.",2018-Present (Export Focus)
83,Robotic Process Automation (RPA) Developer,"UiPath/Automation Anywhere/Blue Prism, Process Design, Cognitive Automation",Hybrid,3-6,"70,000 - 130,000","Certification in a major RPA tool, experience with enterprise deployment.",2020-Present
84,Telecom BSS/OSS Engineer,"Billing Systems, Inventory Management, Customer Relationship Management (CRM) in Telecom",On-site,5-8,"90,000 - 180,000",Deep knowledge of telecom industry standards and processes.,2015-Present
85,Cloud Migration Specialist,"Cloud Adoption Frameworks, Lift-and-Shift, Refactoring Strategy, TCO Analysis",Remote/Hybrid,6+,"140,000 - 280,000",Experience leading multi-year legacy system migrations.,2021-Present
86,Junior/Trainee Software Engineer,"Basic knowledge of one language (e.g., C/C++, Java/Python), Data Structures & Algorithms",On-site,0-1,"18,000 - 30,000","University/Bootcamp graduate, strong eagerness to learn, high volume entry role.",2015-Present
87,Chief Information Officer (CIO),"IT Strategy, Digital Transformation, Board-level Communication, Large-Scale Budget Oversight",On-site,15+,"400,000 - 800,000+","Executive presence, cross-industry knowledge, proven IT leadership.",2015-Present (Executive Tier)
88,Technical Account Manager (TAM),"Product Expertise, Post-Sales Technical Support, Client Advocacy, Quarterly Business Reviews (QBRs)",Remote,5-8,"120,000 - 240,000",Works closely with sales and engineering to maintain key client satisfaction.,2020-Present
89,Salesforce Consultant (Functional),"Sales Cloud/Service Cloud implementation, Customization, End-user Training",Remote/Hybrid,4-7,"90,000 - 170,000","Admin/Consultant Certifications, strong stakeholder management.",2020-Present
90,E-commerce Platform Engineer,"Magento/Shopify Plus, Scalable Architecture Design, Payment/Shipping API Integration",Hybrid,5-8,"110,000 - 210,000",Focus on high-traffic retail or marketplace environments.,2017-Present
91,Senior Java Developer,"Core Java, J2EE, Servlets, JSP, EJB, WebLogic/JBoss",On-site,6-10,"120,000 - 240,000",Experience with large enterprise systems and scalability.,2015-2020
92,Full-Stack Developer (Ruby on Rails),"Ruby, Rails Framework, PostgreSQL, TDD/BDD, Deployment (Heroku/DigitalOcean)",Remote/Hybrid,3-6,"80,000 - 150,000",High demand in specific product-based startups and outsourcing firms.,2016-Present
93,e-Commerce Data Analyst,"Google Analytics 4, Funnel Analysis, A/B Testing, SQL, e-Commerce KPIs (AOV, Conversion Rate)",Hybrid,3-5,"60,000 - 110,000","Experience with specific e-commerce platforms (e.g., Magento).",2020-Present
94,IT Security Administrator,"Active Directory, Endpoint Protection (Antivirus), Patch Management, Basic Firewall Rules",On-site,2-4,"45,000 - 80,000",Focus on internal corporate security infrastructure.,2015-Present
95,SharePoint Developer (Legacy),"SharePoint Designer, InfoPath, Workflow development",On-site,3-5,"60,000 - 100,000",Used in older government and large corporate environments.,2015-2017
96,SharePoint Online / M365 Developer,"Power Platform (Automate/Apps), PowerShell, Azure AD, SharePoint Framework (SPFx)",Hybrid/Remote,4-7,"90,000 - 180,000",Modern collaboration and internal enterprise solutions.,2020-Present
97,Junior Web Designer,"HTML, CSS, Bootstrap, Basic Photoshop, PSD to HTML Conversion",On-site,0-2,"20,000 - 35,000",Fresh graduate entry-level role.,2015-2018
98,Senior Data Scientist (Deep Learning),"TensorFlow/PyTorch, CNNs/RNNs/Transformers, Cloud ML services, Publication record",Remote,6+,"180,000 - 350,000+","Research-focused, requires strong mathematical background and domain expertise.",2022-Present
99,AWS Cloud Engineer (Solutions),"EC2, S3, RDS, VPC Networking, CloudFormation/Terraform",Remote/Hybrid,3-6,"80,000 - 160,000",AWS Certified Solutions Architect - Associate minimum.,2020-Present
100,Azure Cloud Engineer (DevOps Focus),"Azure DevOps, ARM Templates/Bicep, Azure Functions, Azure Kubernetes Service (AKS)",Remote/Hybrid,3-6,"80,000 - 160,000",Azure Administrator/Developer Certification.,2020-Present
101,System Analyst,"Requirements Analysis, System Design, ER Diagrams, Database Normalization",On-site/Hybrid,5-8,"80,000 - 150,000",Bridging role between business and technical teams.,2015-Present
102,Technical Lead (Team Lead),"Code Review, Mentorship, Architectural Decision Making, Project Management Basics",Hybrid,6-10,"130,000 - 280,000","Strong technical expertise in a specific stack (e.g., Python, Java, .NET).",2018-Present
103,Junior QA (Automation),"Scripting basics, introduction to Selenium/Cypress, Python/Java fundamentals",On-site/Hybrid,1-2,"40,000 - 65,000",Transition point for manual testers or fresh graduates.,2020-Present
104,Content Writer (Tech Focus),"SEO Writing, Blog Posts, Case Studies, Excellent English Grammar/Style",Remote,2-4,"40,000 - 70,000",Ability to understand complex technical topics quickly.,2018-Present
105,Video Conferencing & Collaboration Specialist,"Microsoft Teams/Zoom Administration, Audio/Visual Setup, Troubleshooting, Training",On-site/Hybrid,3-5,"50,000 - 90,000",High demand post-pandemic for internal enterprise support.,2020-Present
106,Blockchain Smart Contract Developer (Rust/Substrate),"Polkadot/NEAR/Solana ecosystem, Advanced Cryptography, Token Standards",Remote,4-7,"150,000 - 350,000+","Highly specialized and niche, often working for foreign firms.",2023-Present
107,Mid-Level .NET Developer,"ASP.NET MVC/Web Forms, C#, SQL Server, IIS Hosting",On-site/Hybrid,3-5,"55,000 - 95,000","Used heavily in local banking, telecom, and government projects.",2015-2020
108,Senior .NET Core Developer,".NET Core/5+, C#, Azure/AWS deployment, Microservices, Docker",Remote/Hybrid,5-8,"100,000 - 190,000",Modernization projects and new product development.,2019-Present
109,Technical Recruiter (IT),"Knowledge of IT roles/skills (e.g., Java vs. JavaScript), Boolean Search, Headhunting",Remote/Hybrid,2-5,"50,000 - 90,000",Focus on talent acquisition for fast-growing IT/ITES firms.,2018-Present
110,Business Development Executive (Local IT),"Lead Generation, Cold Calling, Proposal Writing (Bangla/English), Local Market Networking",On-site,1-3,"30,000 - 50,000 (Plus Target Commission)",Focus on winning local SME and corporate projects.,2015-Present
111,Information Security Officer (ISO),"Policy Formulation, Risk Assessment, Regulatory Compliance (BGD laws), Audits",On-site,8+,"150,000 - 300,000",Mandatory compliance role in banks and financial institutions.,2017-Present
112,GIS Developer,"ArcGIS/QGIS, Python (GeoPandas), Spatial Databases (PostGIS), Web Mapping Libraries (Leaflet/Mapbox)",Hybrid,3-6,"60,000 - 120,000","Government, Urban Planning, and Telecom sector demand.",2016-Present
113,Cloud Architect (GCP),"Compute Engine, BigQuery, Cloud Functions, Kubernetes Engine (GKE), Security",Remote/Hybrid,5-9,"140,000 - 260,000",GCP Professional Cloud Architect certification.,2021-Present (Growing Niche)
114,Mid-Level Python Developer (Web),"Django/Flask, RESTful APIs, SQLAlchemy/Django ORM, Celery",Remote/Hybrid,2-4,"50,000 - 90,000","General purpose development role, high demand in startups.",2017-Present
115,Telecom BSS/OSS Architect,"Solution Design, Integration of different BSS/OSS components, Vendor Management",On-site,10+,"200,000 - 450,000",Senior role within Mobile Network Operators (MNOs).,2015-Present
116,Product Designer (Mid-level),"Figma, Interaction Design, Usability Testing, A/B Test Interpretation",Remote/Hybrid,3-6,"70,000 - 130,000",Focus on improving key product metrics through design.,2020-Present
117,Senior Hardware Engineer (Server/Data Center),"Server Racks, UPS/Cooling Systems, Cable Management, Cisco UCS/Dell PowerEdge",On-site,6-10,"100,000 - 190,000",Data center maintenance and scaling for large ISPs/Corps.,2015-Present
118,IT Project Coordinator,"Scheduling, Resource Allocation, Meeting Management, Communication Flow",On-site,2-4,"40,000 - 75,000",Supports the Project Manager in administrative tasks.,2015-Present
119,Technical SEO Specialist,"Core Web Vitals, Schema Markup, XML Sitemaps, Log File Analysis, JavaScript SEO",Remote,3-6,"60,000 - 110,000",Focus on the technical health of large-scale websites.,2020-Present
120,Business Intelligence Manager,"Team Leadership, BI Strategy, Stakeholder Reporting, Data Governance Oversight",Hybrid,7+,"140,000 - 280,000",Experience building and leading a BI/Data team.,2019-Present
121,Angular Developer (Enterprise Focus),"Angular 10+, RxJS, NgRx/State Management, Large-Scale Application Architecture",Remote/Hybrid,4-7,"90,000 - 170,000","Used in complex, long-term enterprise software projects.",2018-Present
122,Desktop Support Technician (Field),"On-site troubleshooting (PC/Printer), Asset Management, Local Travel required",On-site,1-3,"30,000 - 45,000",Mobility and quick problem resolution skills.,2015-Present
123,Network Security Engineer,"IDS/IPS, VPN, Endpoint Detection and Response (EDR), Security Policy Implementation",On-site/Hybrid,4-7,"80,000 - 160,000",Fortinet/Palo Alto/Cisco security certifications.,2018-Present
124,Computer Vision/Image Processing Analyst,"Python, MATLAB, Deep Learning, Medical Imaging/Satellite Imagery experience",Remote,3-6,"90,000 - 170,000",Niche role in R&D or specific industry applications.,2021-Present
125,IT Procurement Manager,"Strategic Sourcing, Budgeting, Contract Negotiation (Global Vendors), Team Leadership",On-site,6+,"110,000 - 220,000",Focus on cost-saving and efficiency in hardware/software licensing.,2017-Present
126,AI Research Scientist,"ML/DL Theory, Experiment Design, Scientific Publication, Advanced Python/R",Remote,5+ (or PhD),"180,000 - 400,000+",Requires Ph.D. or extensive high-impact research experience.,2023-Present (Elite Role)
127,E-commerce Operations Manager,"Warehouse Management Systems (WMS), Logistics Optimization (Last-mile), Inventory Control",On-site,5-8,"80,000 - 150,000",Crucial role for local e-commerce and retail tech.,2018-Present
128,Technical Sales Engineer,"Product Demos, Technical Presentation, Proposal Writing, Bridging Sales and Tech Teams",On-site/Hybrid,4-7,"70,000 - 130,000 (Plus Bonus)",Deep understanding of the product/service being sold.,2016-Present
129,UNIX/Solaris Admin (Legacy),"Shell Scripting, Solaris OS, Basic Networking, High Availability setup",On-site,5-10,"100,000 - 180,000","Very niche, still present in some high-security legacy bank systems.",2015-2017
130,Business Continuity & Disaster Recovery Specialist,"BCP/DRP Documentation, Failover Testing, RTO/RPO Planning, Regulatory Adherence",On-site/Hybrid,5-8,"90,000 - 170,000",Mandatory for large financial and telecom companies.,2017-Present
131,Salesforce Marketing Cloud Specialist,"Journey Builder, Automation Studio, Ampscript, Data Extensions",Remote/Hybrid,3-5,"80,000 - 160,000",Highly sought-after skill for CRM and digital marketing integration.,2021-Present
132,Full-Stack Developer (Vue.js),"Vue.js, Vuex/Pinia, Node.js/Express, API integration",Remote/Hybrid,3-5,"65,000 - 120,000",Common in startups due to Vue's ease of use and learning curve.,2018-Present
133,Technical Support Agent (Bangla/Local Language),"Phone/Chat Support, Local Software Troubleshooting, Non-English Communication",On-site,0-2,"20,000 - 35,000",Support for local SaaS or hardware products.,2015-Present
134,Senior QA (End-to-End Testing),"Test Strategy, Test Planning, Environment Setup, UAT Coordination, Selenium/Cypress",Hybrid,5-8,"90,000 - 170,000",Focus on overall quality and release management.,2018-Present
135,Lead UI/UX Designer,"Leading Design Team, A/B Testing Strategy, Cross-Functional Collaboration with PMs/Engineers",Hybrid,7+,"120,000 - 240,000",Requires strong leadership and demonstrable impact on product adoption.,2021-Present
136,RPA Consultant (Implementation),"Assessing business processes for automation, calculating ROI, presenting solutions",On-site/Hybrid,4-7,"90,000 - 180,000","Client-facing role, requires strong analytical and communication skills.",2020-Present
137,Chief Technology Officer (CTO),"Technology Vision, Engineering Culture, Patent/IP Strategy, Investor Relations",On-site,12+,"450,000 - 1,000,000+","Equity compensation likely, requires deep industry and technology insight.",2015-Present (Executive Tier)
138,IT Security Trainer,"Conducting CISA/CISSP/CEH training, Curriculum Development, Workshop Facilitation",On-site/Hybrid,5+,"80,000 - 150,000","Strong presentation skills, mandatory industry certifications.",2018-Present
139,Junior Cloud DevOps,"Basic Docker, Git, Introductory AWS/Azure, Shell Scripting",On-site/Hybrid,1-2,"45,000 - 75,000",Entry-level role to support senior DevOps engineers.,2021-Present
140,WordPress/PHP Security Specialist,"Malware Removal, Vulnerability Patching, Firewall (Sucuri/Cloudflare), Code Auditing",Remote,3-6,"55,000 - 100,000",Niche role focused on securing highly prevalent PHP/CMS websites.,2018-Present
141,Technical Program Manager,"Program Governance, Portfolio Management, Risk Mitigation (Program Level), Stakeholder Communication",Hybrid,8+,"180,000 - 350,000","PMP/PgMP Certification, experience overseeing multiple dependent projects.",2018-Present
142,Big Data Engineer (Hadoop Ecosystem),"HDFS, MapReduce, Hive, Pig, Spark (Legacy/On-Premise Focus)",On-site,5-8,"100,000 - 200,000","Often found in large telecom, banking, or government data centers.",2015-2020
143,Data Visualization Specialist,"Tableau/Power BI/Looker, Data Storytelling, Dashboard Design, UX principles",Remote/Hybrid,3-6,"65,000 - 120,000",Focus on making complex data actionable for executives.,2020-Present
144,Senior Go (Golang) Developer,"High-performance API development, Microservices, Kubernetes deployment, Concurrency",Remote,5-8,"140,000 - 260,000",Highly valued for speed and efficiency in modern architecture.,2022-Present
145,Cloud Architect (Security Focus),"Security Group Management, IAM Policies, VPC Design, Compliance Automation",Hybrid/Remote,6+,"150,000 - 300,000","Cloud security certification (e.g., AWS Security Specialty).",2021-Present
146,IT Vendor Management Specialist,"SLA Negotiation, Performance Monitoring, Contract Lifecycle Management, Cost Control",On-site,4-7,"70,000 - 140,000",Crucial for large organizations relying on multiple external IT partners.,2017-Present
147,Junior Frontend Developer (React/Vue),"HTML5, CSS3, JavaScript (ES6), Basic Component Development, Git",On-site/Hybrid,1-2,"35,000 - 60,000",Focus on rapid prototyping and modular UI development.,2018-Present
148,Senior Python Developer (Backend),"Django Rest Framework, PostgreSQL/MySQL, Caching (Redis), Unit Testing",Remote/Hybrid,5-8,"110,000 - 220,000",Experienced in scaling applications and managing data pipelines.,2019-Present
149,Web Scraping Specialist,"Python (BeautifulSoup, Scrapy, Selenium), Proxy Management, Anti-bot techniques",Remote,2-4,"50,000 - 90,000","Used for market research, price monitoring, and data collection.",2017-Present
150,Business Analyst (FinTech),"Payment Gateways, Mobile Financial Services (MFS) processes, Regulatory Understanding",On-site/Hybrid,4-7,"80,000 - 150,000",Domain-specific expertise is highly valued.,2019-Present
151,IT Audit Manager,"Leading Audit Teams, Stakeholder Reporting, Risk Mapping, Regulatory Compliance",On-site,8+,"160,000 - 320,000","CISA certification, experience with national bank/govt audits.",2018-Present
152,Software Developer (C++),"C++, STL, Multithreading, Low-Latency Programming, Performance Optimization",Remote/Hybrid,4-8,"100,000 - 200,000","Niche role for trading systems, embedded, or high-speed applications.",2015-Present
153,Product Marketing Manager (SaaS),"Go-to-Market Strategy, Product Positioning, Sales Enablement, Competitor Analysis",Remote,4-7,"90,000 - 180,000","Strong written and verbal English, experience launching products globally.",2021-Present
154,Helpdesk Analyst (Trainee),"Basic IT troubleshooting, phone etiquette, logging tickets (L1 Support)",On-site,0-1,"18,000 - 28,000",Entry-level BPO/ITES service desk role.,2015-Present
155,Cloud Security Architect,"Enterprise security strategy, zero-trust models, large-scale deployment security",Remote,9+,"250,000 - 450,000+","CISSP, experience in defining security policy at the corporate level.",2022-Present
156,Mid-Level DevOps Engineer (Kubernetes),"Helm, Istio/Service Mesh, advanced CI/CD, scripting for automation",Remote/Hybrid,3-6,"90,000 - 180,000",CNCF certification (CKA/CKAD) a strong advantage.,2020-Present
157,Computer Graphics/Modeling Specialist (Non-Gaming),"AutoCAD, Revit, 3D Studio Max/Blender, Visualization for Architecture/Engineering",On-site,3-6,"50,000 - 90,000",Used in local construction and design tech firms.,2015-Present
158,Senior Systems Analyst (ERP),"Customizing/Configuring ERP modules (SAP/Oracle), Stakeholder Workshop Facilitation",On-site/Hybrid,6-10,"120,000 - 250,000","Deep expertise in one or more ERP modules (FI/CO, HR, etc.).",2017-Present
159,Digital Marketing Analyst,"GA4/Adobe Analytics, Data Cleansing, Report Generation, Attribution Modeling",Remote/Hybrid,2-4,"50,000 - 85,000",Focus on tracking campaign performance and user behavior.,2019-Present
160,Mobile App QA Engineer (Manual),"iOS/Android Testing, UI/UX Test Cases, Jira/Trello, Regression Testing",On-site/Hybrid,2-4,"40,000 - 70,000",Focus on device compatibility and user experience across platforms.,2017-Present
161,Software Development Manager (SDM),"Managing 2-3 engineering teams, Performance Reviews, Process Improvement (Agile/Scrum)",Hybrid,8+,"170,000 - 350,000+","Strong leadership, technical depth, and project execution focus.",2018-Present
162,Junior Full-Stack Developer (MERN),"Basic MERN stack, CRUD operations, Git, REST API consumption",On-site/Hybrid,1-2,"40,000 - 70,000",Eagerness to learn and contribute to both frontend and backend.,2019-Present
163,Artificial Intelligence (AI) Researcher,"Focus on NLP for Bangla language, Dataset Creation, Experimentation, Publications",On-site/Hybrid,4+ (or Master's),"100,000 - 200,000",Niche academic or industry R&D focused on the local language.,2022-Present
164,BPO Team Leader (Voice/Non-Voice),"Managing a team of 10-20 agents, Quality Assurance, Training, Shift Management",On-site,3-5,"50,000 - 90,000",Excellent coaching and performance management skills.,2015-Present
165,Senior Network Operations Center (NOC) Engineer,"Advanced Troubleshooting (L3), BGP/OSPF, Monitoring Tools (PRTG/Nagios), Incident Management",On-site (24/7 Shift),5-8,"100,000 - 190,000",Critical role in telecom and large ISP infrastructure.,2015-Present
166,Robotics Engineer (Industrial),"PLC Programming (Siemens/Allen-Bradley), SCADA Systems, Industrial Automation",On-site,3-6,"70,000 - 140,000",Niche in manufacturing/heavy industry IT.,2017-Present
167,Full-Stack Developer (PHP/Laravel),"Laravel Framework, Blade Templating, Eloquent ORM, MySQL, Vue.js/jQuery",Remote/Hybrid,3-6,"60,000 - 120,000",High demand due to Laravel's popularity in the local market.,2017-Present
168,Senior Technical Writer,"Structuring complex documentation, API Documentation (Swagger/OpenAPI), Style Guide Enforcement",Remote,5+,"80,000 - 150,000",Focus on documentation for external developers and global clients.,2020-Present
169,IT Project Manager (Govt. Projects),"Public Procurement Rules (PPR), Government Liaison, Project Reporting (Local Format), Legacy System Integration",On-site,5-10,"100,000 - 200,000",Requires deep understanding of local bureaucratic processes.,2015-Present
170,SAP Consultant (FICO/HR),"SAP Module Customization, Implementation, End-User Training, Post-Go-Live Support",On-site/Hybrid,5-9,"150,000 - 300,000+","Specialized, high-value consulting role for large enterprises.",2016-Present
171,Machine Learning Operations (MLOps) Engineer,"Kubeflow/MLflow, model versioning, pipeline orchestration, model deployment on cloud",Remote,4-7,"110,000 - 230,000",Bridging Data Science and DevOps for production-grade ML.,2022-Present (Highly Emerging)
172,iOS Developer (Swift/ SwiftUI),"Native iOS Development, Swift, Xcode, App Store Submission, MVVM/VIPER architecture",Remote/Hybrid,3-6,"80,000 - 160,000",High demand for premium mobile application development.,2017-Present
173,Android Developer (Kotlin),"Native Android Development, Kotlin, Android Studio, Material Design, Clean Architecture (e.g., MVVM)",Remote/Hybrid,3-6,"70,000 - 140,000",Preferred over Java for modern Android development.,2019-Present
174,Junior Penetration Tester,"Web Application Testing, Basic Vulnerability Scanning, Report Writing",On-site/Hybrid,1-3,"45,000 - 80,000",Entry point for cybersecurity specialization.,2020-Present
175,Database Developer (PL/SQL),"Writing Stored Procedures, Triggers, Functions, Query Optimization in Oracle/SQL Server",On-site/Hybrid,4-7,"75,000 - 150,000",Focus on back-end logic for transaction-heavy systems.,2015-Present
176,Chief Information Security Officer (CISO),"Security Strategy, Regulatory Compliance, Executive-level Risk Reporting, Budget Allocation",On-site,12+,"300,000 - 600,000+","Requires CISSP/CISM, leadership, and deep security expertise.",2020-Present (Top Tier)
177,Telecommunication Billing/Rating Specialist,"Mediation Systems, Tariff Configuration, Revenue Assurance, Fraud Management",On-site,5-9,"110,000 - 220,000",Highly specialized role within Mobile Network Operators.,2015-Present
178,Digital Accessibility Specialist (A11Y),"WCAG Compliance, Screen Reader Testing, Remediation of Web/Mobile interfaces",Remote,3-5,"60,000 - 110,000",Niche role for contracts requiring global compliance standards.,2021-Present
179,IT Procurement Analyst,"Market Research (IT Products), Pricing Analysis, Bid Evaluation, Supplier Performance Tracking",On-site,2-4,"40,000 - 70,000",Data-driven support for the Procurement Manager.,2018-Present
180,Full-Stack Developer (Python/Flask),"Python, Flask, Jinja Templating, SQLAlchemy, REST APIs",Remote/Hybrid,2-4,"50,000 - 90,000",Popular for small-to-medium web applications and rapid prototypes.,2017-Present
181,E-commerce Platform Architect (Senior),"Microservices for e-commerce, Headless Commerce (Commercetools/AEM), High Availability",Remote,8+,"200,000 - 400,000+",Designing systems for the largest local and international e-commerce players.,2020-Present
182,IT Trainer (Non-Technical Staff),"Microsoft Office Suite, Basic Cybersecurity Awareness, Corporate Software Training",On-site,3-6,"50,000 - 80,000",Focus on internal skill development and compliance training.,2015-Present
183,Network Consultant,"Client needs assessment, network design proposals, vendor selection, project oversight",Hybrid,7+,"150,000 - 300,000",Requires CCIE or equivalent expertise and client-facing skills.,2017-Present
184,Customer Support Engineer (SaaS),"Advanced product troubleshooting, API debugging, High-level client communication (email/chat)",Remote,2-4,"55,000 - 100,000",Technical support for a global software product.,2020-Present
185,Cloud DevOps (Monitoring & Logging),"ELK Stack (Elasticsearch, Logstash, Kibana), Prometheus/Grafana, Alerting Systems",Remote/Hybrid,3-6,"80,000 - 160,000",Specialized role for maintaining system observability.,2020-Present
186,AI/ML Data Labeler/Annotator,"Categorizing data (images, text, audio) accurately, QC of labeled data",On-site,0-1,"20,000 - 35,000",Entry-level role in AI development projects.,2021-Present
187,UX Researcher (Senior),"Leading user study design, establishing research repository, mentoring junior researchers",Remote/Hybrid,6+,"110,000 - 220,000",Strategic role focused on long-term product insights.,2022-Present
188,System Integrator (SI),"Integrating different software/hardware components, Middleware (MQ, Kafka), API Integration",On-site/Hybrid,5-9,"100,000 - 200,000",Crucial for large financial/telecom/government projects.,2015-Present
189,Senior Frontend Architect (JavaScript),"Defining micro-frontend strategy, Web performance budgets, Core JavaScript standards",Remote,8+,"180,000 - 350,000",Focusing on code structure and maintainability for large teams.,2022-Present
190,Business Analyst (HealthTech/EdTech),"Domain-specific regulatory knowledge, Workflow mapping (e.g., patient/student lifecycle)",Hybrid,3-6,"60,000 - 110,000",Growth in specific vertical SaaS products.,2020-Present
191,Customer Success Manager (Local Enterprise),"Onboarding local clients, usage tracking, product adoption, upselling/renewals",On-site/Hybrid,3-5,"60,000 - 110,000",Focused on the local corporate market for software solutions.,2018-Present
192,Game Tester (QA),"Finding bugs in games, detailed reporting, performance testing on devices",On-site/Remote,1-3,"30,000 - 55,000",Niche in the growing local and outsourcing mobile gaming sector.,2019-Present
193,Senior ERP Technical Consultant,"Coding customizations (ABAP/Java/C# for ERP), System Upgrades, Performance Tuning",On-site/Hybrid,6-10,"150,000 - 300,000",Requires deep coding expertise within a specific ERP system.,2017-Present
194,Digital Product Manager,"Product Roadmap, OKR setting, Cross-functional alignment, Prioritization (RICE/MoSCoW)",Hybrid,5-8,"100,000 - 200,000","Strategic role, requires data literacy and market sense.",2020-Present
195,Cloud Architect (Data Lake Focus),"S3/ADLS Gen2, Glue/Data Factory, Athena/Synapse, Security of Data at Rest/In Transit",Remote,7+,"180,000 - 350,000","Designing large-scale, cost-efficient data infrastructure.",2022-Present
196,Mid-Level QA Automation (API Focus),"Postman/SoapUI, REST API testing, Scripting (Python/Java), Continuous Integration",Remote/Hybrid,3-5,"60,000 - 110,000",Highly valued for testing backend services and microservices.,2020-Present
197,IT Legal/Compliance Officer,"Data Privacy (GDPR/Local Laws), Software Licensing, Contract Review (Legal aspect)",On-site,4-7,"90,000 - 170,000",Requires law degree or specialized legal training in IT.,2018-Present
198,Senior DevOps (CI/CD Pipeline Focus),"Jenkins/GitLab CI/CD, Spinnaker, Artifactory, Advanced Scripting (Groovy/Python)",Remote/Hybrid,5-8,"130,000 - 250,000",Focus on optimizing and securing the entire delivery process.,2020-Present
199,WebRTC Developer,"Real-time communication protocols, WebSocket, SIP/VoIP, JavaScript frameworks",Remote,3-6,"90,000 - 180,000",Niche role for video conferencing/telehealth/ed-tech platforms.,2020-Present
200,Academic R&D Engineer (Applied Science),"Translating academic research into commercial prototypes, C++/Python, Hardware Integration",On-site,4-7,"80,000 - 150,000",Bridging university research and industry application.,2016-Present
201,Director of Technology (VP Level),"Strategic Planning, Budgeting, IT Portfolio Management, Stakeholder Communication, Digital Transformation",On-site,15+,"350,000 - 650,000+","P&L responsibility, experience managing $1M+ budgets.",2018-Present
202,Full-Stack Developer (Python/Odoo ERP),"Python, PostgreSQL, XML, Odoo Framework, Accounting/Inventory knowledge",On-site/Hybrid,3-6,"70,000 - 130,000",Niche skill for local SMEs adopting open-source ERP.,2017-Present
203,Data Science Consultant (Industry Specific),"Domain expertise (e.g., Telecom Churn, Garments Demand Forecasting), Statistical Modeling",Remote/Hybrid,5-8,"120,000 - 240,000","Strong consulting and client-facing skills, project experience.",2021-Present
204,IT Manager (Small/Medium Enterprise),"Overall IT Ops, Basic Networking, Server Maintenance (Windows Server), Vendor Management",On-site,4-7,"60,000 - 110,000",Generalist role requiring diverse IT knowledge.,2015-Present
205,Senior Frontend Architect (CSS/Design Systems),"Advanced CSS/SASS/LESS, Tailwind/Bootstrap Customization, Component Library Management, Accessibility",Remote,6+,"120,000 - 230,000",Focus on visual consistency and maintainability across products.,2021-Present
206,Mid-Level C# Developer (WPF/Desktop),"C#, WPF/WinForms, MVVM, SQL Server, Interop with legacy systems",On-site,3-5,"55,000 - 95,000",Still used for internal tools in finance and manufacturing.,2015-2020
207,Telecommunication RAN Engineer (Radio Access Network),"2G/3G/4G/5G technology, Ericsson/Huawei/Nokia equipment, Drive Testing, Performance Optimization",On-site,4-7,"90,000 - 170,000",Specialized role within Mobile Network Operators (MNOs).,2015-Present
208,Digital Marketing Specialist (SEO/Content),"Keyword Research, On-Page SEO, Content Strategy (English/Bangla), WordPress",Remote/Hybrid,2-4,"45,000 - 80,000",Focus on organic traffic and content creation.,2017-Present
209,Senior QA Automation (Mobile),"Appium/Espresso/XCUITest, Cloud Device Farms (Sauce Labs/BrowserStack), CI/CD Integration",Remote/Hybrid,5-8,"100,000 - 190,000",Expertise in testing native iOS and Android apps automatically.,2021-Present
210,Business Development Manager (Global Outsourcing),"US/European Market Knowledge, Proposal Writing (RFP/RFQ), Contract Negotiation, English Fluency",Remote/Hybrid,5-9,"120,000 - 250,000 (Plus High Commission)",Focus on selling IT services to international clients.,2018-Present
211,Salesforce Administrator,"User Management, Security Settings, Workflow Rules/Process Builder (Flow), Customization",Remote/Hybrid,2-4,"60,000 - 100,000",Salesforce Administrator Certification.,2019-Present
212,Technical Trainer (Public Sector),"Conducting training on basic IT skills (e.g., MS Office, Internet usage) for government employees",On-site (Travel Required),3-6,"50,000 - 90,000",Ability to handle large groups and diverse technical backgrounds.,2015-Present
213,GIS Analyst/Surveyor,"Data Collection (GPS), Remote Sensing, Map Creation, ArcGIS Pro/QGIS",On-site (Field Work),2-4,"40,000 - 75,000","Used in infrastructure, development, and disaster management projects.",2016-Present
214,Azure Data Engineer,"Azure Data Factory, Databricks, Azure Synapse Analytics, Python/PySpark",Remote/Hybrid,4-7,"90,000 - 180,000",Focus on building scalable data platforms in the Azure cloud.,2021-Present
215,IT Security Policy & Governance Specialist,"Writing and enforcing internal security policies, risk assessment, vendor due diligence",On-site/Hybrid,5-8,"100,000 - 190,000",CISM/CRISC or similar governance certification.,2019-Present
216,Cloud Cost Optimization Specialist (FinOps),"Identifying cost savings in cloud infrastructure, Reservation/Savings Plan strategy, Reporting",Remote,3-5,"70,000 - 130,000",Requires deep knowledge of cloud provider billing models (AWS/Azure/GCP).,2022-Present
217,Legacy Backend Developer (Perl/CGI),"Perl scripting, older web frameworks, maintenance of very old systems",On-site,7+,"80,000 - 150,000",Highly niche maintenance role in telecom/government/finance.,2015-2017
218,Digital Product Owner (FinTech),"P&L ownership of a digital banking product, compliance adherence, API management",Hybrid,6-10,"150,000 - 300,000","Strong domain knowledge (banking/payment), CSPO.",2020-Present
219,Junior Business Analyst (ITES/BPO),"Client communication, gathering low-level requirements, documentation, Jira/Confluence",On-site/Hybrid,1-3,"35,000 - 60,000",Entry-level role supporting offshore projects.,2017-Present
220,Academic Counselor/Career Advisor (IT),"Guiding students on IT career paths, knowledge of in-demand skills and job market",On-site,3-6,"40,000 - 70,000",Found in IT training institutes and universities.,2015-Present
221,Lead DevOps (Microservices),"Service Mesh (Istio/Linkerd), Advanced Kubernetes architecture, Observability, Distributed Tracing",Remote,7+,"170,000 - 350,000+","Designing and maintaining highly complex, distributed systems.",2022-Present
222,Mobile App UI/UX Designer,"Figma, Mobile Design Guidelines (iOS/Android), Prototyping, Usability Testing (Mobile Focus)",Remote/Hybrid,3-5,"60,000 - 110,000",Specialized focus on designing engaging mobile experiences.,2019-Present
223,Senior Software Engineer (Go/gRPC),"Golang, gRPC, Protocol Buffers, High-throughput API development, Database Optimization",Remote,5-8,"130,000 - 250,000","High demand for high-performance, low-latency backends.",2022-Present
224,IT Procurement Officer (Hardware Focus),"Sourcing and purchasing desktops, laptops, peripherals, inventory management, warranty tracking",On-site,2-4,"40,000 - 70,000",Focus on internal logistics and IT asset management.,2015-Present
225,Cloud Networking Engineer,"AWS Transit Gateway/Direct Connect, Azure ExpressRoute, Cloud VPNs, Advanced TCP/IP in Cloud",Remote/Hybrid,5-8,"120,000 - 230,000",CCNA/CCNP combined with cloud-specific networking certs.,2020-Present
226,AI Ethicist/Governance Specialist,"AI policy development, bias detection, fairness, transparency, and accountability frameworks",Remote,4-7,"100,000 - 190,000","Highly specialized, emerging role in corporate governance.",2023-Present
227,Junior Frontend Developer (jQuery/Bootstrap),"Basic JavaScript, jQuery, AJAX, HTML/CSS, Legacy system maintenance",On-site,1-3,"30,000 - 50,000",Still used extensively for maintaining older enterprise applications.,2015-2018
228,Senior Data Engineer (Streaming),"Kafka/Kinesis, Flink/Spark Streaming, Real-time data processing, Scalable pipeline design",Remote,6+,"150,000 - 300,000+",Expertise in low-latency data ingestion and processing.,2022-Present
229,IT Security Awareness Trainer,"Developing and delivering phishing drills, training modules on cyber hygiene, compliance training",On-site/Hybrid,3-5,"60,000 - 110,000",Focus on minimizing human-related security risks.,2018-Present
230,Technical Writer (API Documentation),"OpenAPI/Swagger specification, Markdown, Postman documentation, Git",Remote,3-5,"60,000 - 110,000","Focus on clear, runnable documentation for developers.",2020-Present
231,E-commerce Category Manager (Tech Products),"Product Sourcing, Pricing Strategy, Inventory Forecasting, Vendor Negotiation (Local/Global)",On-site/Hybrid,4-7,"80,000 - 150,000",Crucial for large e-commerce marketplaces and retailers.,2017-Present
232,Full-Stack Developer (Vue.js/Go),"Vue.js, Go backend, PostgreSQL, REST API design, Deployment (Docker)",Remote/Hybrid,4-7,"90,000 - 180,000",Combining modern frontend with high-performance backend.,2022-Present
233,Cloud Migration Project Manager,"Managing transition schedules, vendor coordination, risk assessment for cloud move, budget tracking",Hybrid,6+,"140,000 - 280,000","PMP/Scrum Master, specialized in cloud transformation.",2020-Present
234,System Administrator (On-Premise Virtualization),"VMware ESXi/Hyper-V, SAN/NAS Storage, High Availability setup, Backup solutions (Veeam)",On-site,5-9,"100,000 - 190,000",Maintaining local data center infrastructure.,2015-2020
235,IT Consultant (Strategy & Architecture),"Enterprise Architecture (TOGAF), Technology Roadmapping, Feasibility Studies, CxO interaction",On-site/Hybrid,10+,"200,000 - 400,000+",High-level advisory role for major digital transformation.,2017-Present
236,AI/ML Platform Engineer,"Building internal platforms for ML experimentation and model serving, Docker, Kubernetes, Python",Remote,4-7,"110,000 - 220,000",Focus on empowering internal Data Science teams.,2022-Present
237,Cyber Threat Hunter,"EDR/SIEM analysis, analyzing malicious code, APT tracking, incident response (proactive)",Hybrid,5-8,"130,000 - 250,000","Advanced security role, requires deep forensics knowledge.",2022-Present
238,Full-Stack Developer (Django/React),"Python/Django, React, Redux, PostgreSQL, API development",Remote/Hybrid,3-6,"70,000 - 130,000",Popular stack for web applications and startups.,2018-Present
239,Senior Technical Support Engineer (L3),"Resolving highly complex, escalated issues, code-level debugging, reproducing environment failures",Remote,6+,"110,000 - 200,000",Requires developer-level skills in troubleshooting.,2019-Present
240,Business Continuity Analyst,"Analyzing business processes, identifying critical functions, developing recovery strategies, testing plans",On-site/Hybrid,4-7,"80,000 - 150,000",Focus on organizational resilience and risk management.,2018-Present
241,RPA Technical Lead,"Designing complex RPA solutions, code review, mentoring junior RPA developers, platform administration",Hybrid,5-8,"120,000 - 230,000",Leading the automation pipeline in large enterprises.,2021-Present
242,Sales Engineer (Cybersecurity),"Presenting security solutions (Firewalls, EDR), PoC execution, technical requirements gathering",On-site/Hybrid,4-7,"90,000 - 180,000 (Plus Bonus)",Requires both sales acumen and deep security product knowledge.,2020-Present
243,Data Analyst (HR/People Analytics),"HRIS data reporting, trend analysis (turnover, hiring), data visualization (Power BI/Tableau)",On-site/Hybrid,2-4,"50,000 - 90,000",Growth area in large local conglomerates and MNCs.,2019-Present
244,"Legacy ERP Technical Consultant (e.g., Baan/BPCS)","Maintenance, reporting, and customization of very old or niche ERP systems",On-site,8+,"130,000 - 250,000",Rare but high-pay niche for maintaining vital legacy infrastructure.,2015-2018
245,Cloud Architect (Serverless/Function-as-a-Service),"AWS Lambda/Azure Functions/GCP Cloud Functions, API Gateway, Cost-efficient design",Remote,5-8,"130,000 - 260,000","Focus on building scalable, pay-per-use applications.",2021-Present
246,IT Project Manager (Telecom),"Managing core network projects, vendor delivery, regulatory approvals, site coordination",On-site,7+,"150,000 - 300,000",Specialized PM role in Mobile Network Operators.,2015-Present
247,Junior Blockchain Developer (EVM),"Solidity (basic), Truffle/Hardhat, basic dApp frontend (React), Metamask integration",Remote,1-3,"60,000 - 110,000",Entry-level role in the fast-growing Web3/crypto space.,2022-Present
248,Full-Stack Developer (Java/Spring Boot/React),"Java, Spring Boot, Microservices, React, API Security, Docker",Remote/Hybrid,4-7,"100,000 - 200,000","Classic enterprise stack, still dominant in large-scale systems.",2018-Present
249,UX/Design System Manager,"Managing and evolving the centralized design system (Figma), component versioning, governance",Remote/Hybrid,6+,"110,000 - 220,000",Focus on maintaining efficiency and brand consistency across products.,2022-Present
250,Academic R&D Project Manager (ICT),"Managing grant proposals, coordinating research teams (University/Industry), publication strategy",On-site/Hybrid,6+,"100,000 - 180,000",Focus on leveraging government/foreign research grants.,2016-Present
251,Principal Engineer / Fellow,"Deep expertise in system scaling, Patent/Research contribution, Mentorship, Cross-functional leadership",On-site/Hybrid,12+,"300,000 - 600,000+","Highest technical rank, focus on long-term technological vision.",2020-Present
252,Full-Stack Developer (Svelte/SvelteKit),"Svelte, JavaScript/TypeScript, Node.js, API Integration, Performance Optimization",Remote,3-6,"80,000 - 150,000","Emerging frontend framework, popular in modern startups.",2023-Present
253,Data Analyst (Supply Chain/Logistics),"SQL, Excel (Advanced), Inventory Optimization, Forecasting, Logistics Software knowledge",On-site/Hybrid,3-5,"60,000 - 110,000","High demand in manufacturing, e-commerce, and import/export tech.",2018-Present
254,Hardware Engineer (PC/Server Assembly),"Component knowledge (CPU, GPU, RAM), Troubleshooting, BIOS configuration, Cable management",On-site,1-3,"25,000 - 45,000","Local computer shops, small IT support firms (Legacy role).",2015-2018
255,Cloud Architect (Multi-Cloud Strategy),"AWS, Azure, GCP core services, Hybrid Cloud integration, Vendor negotiation",Remote/Hybrid,8+,"200,000 - 400,000+",Strategic role defining cloud usage across an enterprise.,2022-Present
256,IT Project Manager (Agile/Scrum),"Certified Scrum Master (CSM), Iteration Planning, Conflict Resolution, Velocity Tracking",Hybrid/Remote,5-8,"100,000 - 200,000",Focus on delivering software using Agile practices.,2018-Present
257,Junior Android Developer (Java),"Java (Legacy), Android Studio, Basic SDK knowledge, UI implementation",On-site,1-2,"30,000 - 50,000",Maintenance of older apps or entry-level training position.,2015-2018
258,"IT Security Governance, Risk & Compliance (GRC) Analyst","ISO 27001, NIST, COBIT, Policy Auditing, Risk Register Maintenance",On-site/Hybrid,3-6,"80,000 - 150,000",Focus on formal compliance and regulatory adherence.,2020-Present
259,Web Designer (Basic Freelance),"Photoshop/Illustrator, basic HTML/CSS, client communication, quick mockups",Remote,1-3,"20,000 - 40,000","Low-budget client work, common in small agencies.",2015-2017
260,Business Analyst (Retail Tech),"Point of Sale (POS) systems, Inventory management, Customer Loyalty programs, process mapping",On-site/Hybrid,4-7,"75,000 - 140,000",Growth area driven by local retail chain digitalization.,2019-Present
261,Technical Marketing Engineer (TME),"Creating technical content (benchmarks, white papers), supporting sales with deep product knowledge",Remote/Hybrid,4-7,"90,000 - 180,000",Bridging engineering and marketing for complex products.,2021-Present
262,Senior C# Developer (.NET Framework),"ASP.NET Web Forms/MVC (Legacy), SQL Server, Windows Communication Foundation (WCF)",On-site,6-10,"100,000 - 200,000",Maintenance and modification of mission-critical older systems.,2015-2020
263,IT Asset Management Specialist (ITAM),"Software License Optimization, Hardware Inventory Tracking, Policy Enforcement, Auditing",On-site,3-6,"60,000 - 110,000",Focus on cost savings and compliance for large organizations.,2018-Present
264,Quantitative Developer (FinTech/Algo Trading),"Python/C++, time-series data, low-latency coding, statistical modeling, financial markets knowledge",Remote,4-7,"150,000 - 350,000+","Highly niche, high-pay role, often for international clients.",2022-Present
265,IT Training Manager,"Curriculum development, managing a team of trainers, P&L responsibility for the training department",On-site,6+,"90,000 - 170,000",Leading internal or external corporate training programs.,2017-Present
266,Cloud Architect (Disaster Recovery/BDR),"Designing cross-region failover, backup automation, recovery process documentation, testing",Remote/Hybrid,7+,"160,000 - 320,000",Specialized in high availability and business continuity in the cloud.,2021-Present
267,Salesforce Developer (Apex/Lightning),"Apex, Visualforce (Legacy), Lightning Web Components (LWC), Integrations",Remote/Hybrid,4-7,"100,000 - 200,000",Focus on custom development and complex features.,2020-Present
268,BPO Quality Assurance Analyst (Voice),"Call monitoring, adherence to scripts/policy, scoring agent performance, feedback delivery",On-site,2-4,"40,000 - 65,000",Essential for maintaining service quality in call centers.,2015-Present
269,Senior UX Writer / Content Strategist,"Information Architecture, Tone of Voice guidelines, microcopy, error messages, user journeys",Remote,4-7,"70,000 - 130,000",Focus on clarity and consistency in product language.,2021-Present
270,Technical Lead (Mobile),"Leading iOS/Android teams, architecture decision-making, code reviews, performance tuning (Mobile focus)",Remote/Hybrid,7+,"140,000 - 280,000",Specializing in mobile application development leadership.,2019-Present
271,IT Strategy Consultant (Govt. Focus),"Advising ministries/agencies on digitalization, technology adoption roadmaps, policy review",On-site,10+,"200,000 - 450,000+",High-level advisory for large public sector projects.,2017-Present
272,Full-Stack Developer (MEAN Stack - Legacy),"MongoDB, Express, Angular (Legacy versions), Node.js, JavaScript",Remote/Hybrid,4-7,"70,000 - 140,000",Common in the mid-to-late 2010s for full-stack apps.,2016-2020
273,Game Developer (Unity/C#),"Unity Engine, C#, Game Physics, Asset Integration, Mobile Game Optimization",Remote/Hybrid,3-6,"60,000 - 120,000",Growth in local and international mobile gaming studios.,2019-Present
274,Data Governance Manager,"Leading data quality initiatives, defining data stewards, managing master data management (MDM)",On-site/Hybrid,6+,"120,000 - 250,000",Essential for compliance and leveraging data as a corporate asset.,2021-Present
275,Cloud DevOps Engineer (Terraform/Infrastructure as Code),"Terraform, Ansible/Chef/Puppet, Azure/AWS deployment automation, State management",Remote/Hybrid,4-7,"100,000 - 200,000",Focus on automating and versioning cloud infrastructure.,2020-Present
276,Junior Business Development Executive (ITES),"Researching potential clients (US/EU), cold email/LinkedIn outreach, setting up initial meetings",Remote,1-3,"30,000 - 50,000 (Plus Small Commission)",Entry-level role for firms expanding international footprint.,2018-Present
277,Robotics Process Automation (RPA) Business Analyst,"Identifying automation opportunities, calculating ROI, creating Process Design Documents (PDD)",On-site/Hybrid,3-6,"70,000 - 130,000",Bridging business needs with RPA capabilities.,2020-Present
278,Mid-Level Database Administrator (PostgreSQL),"PostgreSQL optimization, replication, backups, query tuning, PL/pgSQL",On-site/Hybrid,3-6,"60,000 - 120,000",Rising demand due to the popularity of open-source databases.,2018-Present
279,Mobile App Developer (Flutter/Dart),"Flutter Framework, Dart, Cross-platform development, State Management (Provider/Riverpod)",Remote/Hybrid,2-4,"55,000 - 100,000",High growth since 2020 due to development speed.,2020-Present
280,Technical Interviewer / Hiring Consultant,"Assessing candidate technical skills, designing interview rounds, specialized in a niche stack (e.g., Python/ML)",Remote,5+,"80,000 - 150,000 (Consultancy Fee Basis)",Consulting role for fast-growing companies that need hiring help.,2021-Present
281,SAP Basis Consultant,"SAP installation, patching, system monitoring, transport management system (TMS)",On-site/Hybrid,5-9,"130,000 - 280,000",Specialized infrastructure role for SAP customers.,2016-Present
282,IT Project Coordinator (Legacy/Waterfal),"Gantt Charts, Status Reporting, Budget tracking, strictly adherence to sequential methodology",On-site,3-5,"50,000 - 90,000",Used in traditional government or large infrastructure projects.,2015-2018
283,Cybersecurity Forensics Investigator,"Chain of custody, volatile data collection, forensic tools (EnCase, FTK), evidence analysis",On-site,5-8,"110,000 - 220,000",Niche role for responding to major security incidents.,2020-Present
284,Senior Data Analyst (SQL Mastery),"Complex nested SQL queries, stored procedures, data validation, performance optimization",Remote/Hybrid,5-8,"90,000 - 180,000",Deep technical role supporting core business intelligence.,2017-Present
285,Junior Cloud Engineer (Networking Focus),"Basic VPC/VNet setup, Firewall rules, Subnetting, Load Balancer configuration",On-site/Hybrid,1-3,"40,000 - 70,000",Entry point for traditional network admins moving to cloud.,2020-Present
286,Computer Graphics Programmer (VFX/Animation),"Python scripting (Maya/Blender), procedural content generation, rendering pipeline optimization",Remote,4-7,"80,000 - 160,000",Niche in local film/animation industry or international outsourcing.,2018-Present
287,Web Scraping Engineer (Legal/Ethical),"Advanced anti-ban techniques, large-scale data harvesting, compliance with terms of service",Remote,3-6,"70,000 - 130,000",Used by large market research and competitive intelligence firms.,2020-Present
288,Lead UI Designer (Atomic Design),"Defining the Atomic Design methodology, component states, documentation, design token usage",Remote/Hybrid,6+,"110,000 - 220,000","Focus on creating scalable, future-proof design systems.",2022-Present
289,IT Security Architect (Application),"Threat modeling (STRIDE), secure coding practices, DAST/SAST tool integration, secure SDLC",Remote/Hybrid,8+,"180,000 - 350,000",Designing security into the core application architecture.,2021-Present
290,Business Analyst (Digital Marketing Focus),"Gathering requirements for marketing automation, CRM integration, campaign tracking/reporting needs",Hybrid,3-6,"65,000 - 120,000",Focus on MarTech stack implementation.,2019-Present
291,"Desktop Support Technician (Field, L2)","Advanced OS/Hardware troubleshooting, network connectivity, Active Directory troubleshooting, ticket system management",On-site,3-5,"45,000 - 80,000",Requires ability to independently resolve issues.,2015-Present
292,Senior Python Developer (Data Science Focus),"Pandas, NumPy, Scikit-learn, ML model deployment (API), data wrangling",Remote/Hybrid,5-8,"120,000 - 240,000",Focus on productionizing machine learning models.,2020-Present
293,Technical Product Manager (Platform),"Managing APIs, internal tools, infrastructure products, backlog for engineering enablement",Remote/Hybrid,5-8,"110,000 - 220,000",Focus on internal technology and developer experience.,2021-Present
294,BPO Training Specialist (New Hire),"Onboarding new call center/data entry agents, soft skills training, process documentation",On-site,2-4,"40,000 - 70,000",Essential for rapid scaling of BPO operations.,2015-Present
295,Cloud Architect (Cost Optimization focus),"Reserved Instance/Savings Plan management, tagging strategies, resource rightsizing, budget alerting",Remote,5-8,"120,000 - 230,000",Strategic role focused purely on minimizing cloud spend.,2021-Present
296,System Integrator (Mid-level),"API management (e.g., Apigee), ESB/Middleware (e.g., Mulesoft), data transformation and mapping",On-site/Hybrid,3-6,"80,000 - 150,000",Essential for connecting diverse enterprise systems.,2017-Present
297,R&D Engineer (Telecommunication),"Researching new wireless standards (5G/6G), simulation tools (Matlab), patent generation",On-site,5-10,"150,000 - 300,000+",High-level research role in major telecom operators or vendors.,2018-Present
298,Full-Stack Developer (MERN/SaaS),"MongoDB, Express, React, Node.js, Stripe/Payment integration, multi-tenancy architecture",Remote/Hybrid,4-7,"90,000 - 180,000",High demand for building commercial Software-as-a-Service products.,2020-Present
299,IT Operations Director,"Overseeing all IT Infrastructure, Data Centers, Service Desk, Budgeting, and Team Management",On-site,12+,"250,000 - 500,000+",Executive-level leadership of the entire IT operation.,2015-Present
300,Academic Research Assistant (ICT),"Supporting Ph.D. students/Professors, data collection, literature review, basic statistical analysis",On-site,1-3,"30,000 - 50,000",Entry-level research role in university settings.,2015-Present
301,AI Prompt Engineer,"LLMs (GPT-4/Llama), Prompt Engineering, API Integration, Python, Creativity",Remote,2-5,"90,000 - 180,000",Focus on maximizing quality output from GenAI models.,
302,Cybersecurity Analyst (SOC L1),"SIEM Monitoring, Incident Triage, Log Analysis, Basic Networking (TCP/IP), Reporting",On-site (Night Shift),1-3,"45,000 - 80,000",Entry-level role in Security Operations Center.,2023-Present
303,HealthTech Product Manager,"Clinical Workflow Knowledge, EMR/EHR Systems, Healthcare Regulations, Agile/Scrum",Hybrid,5-9,"110,000 - 240,000",Niche role for digitizing local hospitals and clinics.,2020-Present
304,Senior Backend Developer (Rust/C++),"Rust or C++, High-performance Computing, Concurrency, Systems Programming",Remote,6+,"150,000 - 300,000+",Highly specialized for low-latency trading or blockchain.,2022-Present
305,Augmented Reality (AR) Developer,"Unity or Unreal Engine, C#/C++, Mobile AR (ARKit/ARCore), 3D Modeling basics",Remote/Hybrid,3-5,"70,000 - 140,000","Emerging in EdTech, retail, and gaming sectors.",2023-Present
306,FinOps Analyst,"Cloud Billing/Cost Management (AWS/Azure), Financial Modeling, Data Visualization (Power BI)",Remote,3-6,"80,000 - 150,000",Role focused entirely on cloud expenditure efficiency.,2021-Present
307,Junior Data Scientist (NLP Focus),"Python, NLTK/SpaCy, Transformers, Text Cleaning, Basic ML Algorithms",Remote,1-3,"45,000 - 85,000",Entry-level specialization in Natural Language Processing.,2022-Present
308,Senior Quality Assurance Lead (Performance),"JMeter/Gatling, Load Testing Strategy, Root Cause Analysis (APM tools), Mentorship",Hybrid,7+,"120,000 - 230,000",Focus on system stability under high load.,2021-Present
309,EdTech Instructional Designer,"Learning Management Systems (LMS), SCORM/xAPI, Graphic Design Tools, Adult Learning Theory",Remote/Hybrid,4-7,"60,000 - 110,000",Designing effective online courses and learning materials.,2019-Present
310,SAP FICO Consultant,"Financial Accounting (FI), Controlling (CO), Configuration, End-User Training",On-site,5-10,"150,000 - 350,000",High-value ERP specialization in Finance module.,2020-Present
311,Director of AI & ML,"Team Leadership, Research Strategy, Budget Management, Model Governance, MLOps",On-site/Hybrid,10+,"300,000 - 700,000+",Executive role driving the organization's AI adoption.,2015-Present
312,Full-Stack Developer (Ruby on Rails),"Ruby, Rails Framework, PostgreSQL/MySQL, JavaScript/jQuery (Legacy/Niche)",Remote/Hybrid,4-7,"80,000 - 160,000",Still used by international product companies and niche agencies.,2023-Present
313,Hardware/IoT Firmware Developer,"Embedded C/C++, Microcontrollers (Arduino/ESP32), Communication Protocols (MQTT/BLE)",On-site,3-6,"65,000 - 120,000",Required for local smart device manufacturing/R&D.,2016-Present
314,Senior DevOps Engineer (Security Focus),"DevSecOps, Static/Dynamic Analysis (SAST/DAST), Secrets Management (Vault), Pipeline Hardening",Remote,6+,"140,000 - 280,000",Integrating security throughout the CI/CD pipeline.,2019-Present
315,IT Auditor,"ISACA (CISA), IT General Controls (ITGC), Internal Audit Methodologies, Risk Assessment",On-site,4-7,"90,000 - 180,000","Ensuring controls are in place, especially in banks/FinTech.",2022-Present
316,Cloud Architect (Serverless/GCP Focus),"Google Cloud Functions, Cloud Run, BigQuery, Serverless design patterns",Remote,5-8,"130,000 - 250,000",Specialized in the Google Cloud ecosystem.,2017-Present
317,Digital Transformation Lead (Consulting),"Business Process Reengineering, Change Management, Technology Stack Selection, Stakeholder Management",On-site (Travel),8+,"200,000 - 400,000+",External consulting role driving major corporate changes.,2021-Present
318,UX Researcher (Qualitative/Quantitative),"User Interviews, Surveys, A/B Testing, Eye Tracking, Statistical Analysis (for quant.)",Remote/Hybrid,4-6,"70,000 - 130,000",Focus on evidence-based design decisions.,2019-Present
319,Junior Data Engineer (ETL),"SQL (Advanced), Basic Python, ETL Tools (Talend/Informatica), Data Warehousing basics",On-site,1-3,"40,000 - 75,000",Entry-level role building data pipelines.,2020-Present
320,Technical Writer (User Manuals/Help Docs),"MadCap Flare/Oxygen XML, Structured Content, Clear Prose, Technical Illustration",Remote/Hybrid,3-5,"50,000 - 90,000",Focused on end-user documentation and guides.,2018-Present
321,Data Scientist (Computer Vision),"OpenCV, Deep Learning (PyTorch/TensorFlow), Image Recognition, Object Detection",Remote,4-7,"120,000 - 250,000","Specialized in visual AI, used in security/manufacturing.",2015-Present
322,E-commerce Platform Architect (Magento),"Magento 2 (Advanced), PHP, Scalability, Payment Gateway Integration, CDN optimization",Remote,6+,"150,000 - 300,000",Highly paid specialization for large e-commerce platforms.,2022-Present
323,IT Support Specialist (International BPO),"English Fluency, Ticketing Systems (ServiceNow), Remote Desktop Support, Shift Work",Remote,2-4,"55,000 - 95,000",Servicing clients in the US/Europe/Australia.,2017-Present
324,Senior Frontend Developer (WebAssembly),"WebAssembly (Wasm), Rust/Go for Wasm, High-performance Web Graphics/Computation",Remote,5-8,"130,000 - 260,000","Niche, cutting-edge technology for web performance.",2016-Present
325,System Administrator (Linux/SRE Focus),"Red Hat/Ubuntu, Shell Scripting, Monitoring (Prometheus/Grafana), Automation (Ansible)",On-site/Hybrid,4-7,"90,000 - 180,000",Moving from traditional admin to Site Reliability Engineering (SRE).,2024-Present
326,Product Owner (AI/ML Focus),"Product Roadmap (ML), Feature Prioritization, LLM knowledge, Business Value realization",Remote/Hybrid,5-8,"120,000 - 240,000",Specializing in products driven by AI models.,2018-Present
327,Game Tester / QA (Manual),"Console/Mobile Testing, Bug Reporting (Jira/Trello), Test Case Execution, Attention to Detail",On-site,1-3,"30,000 - 50,000",Entry-level role in local game development studios.,2023-Present
328,Senior Full-Stack Developer (MERN/TypeScript),"MongoDB, Express, React, Node.js, TypeScript, Cloud Deployment",Remote/Hybrid,5-8,"110,000 - 210,000",Modern stack with a focus on type safety and scalability.,2019-Present
329,Digital Health Strategist (Govt.),"Public Health Policy, Interoperability Standards (HL7), Grant Management, Stakeholder Engagement",On-site,8+,"150,000 - 300,000+",High-level role driving national digital health initiatives.,2021-Present
330,Technical Account Manager (TAM),"Client Relationship Management, Technical Troubleshooting, Project Coordination, SLA adherence",Hybrid,4-7,"90,000 - 180,000",Post-sales role ensuring client technical success.,2020-Present
331,Senior Data Engineer (Airflow/Orchestration),"Apache Airflow, Data Pipeline Orchestration, Docker/Kubernetes, Data Quality Checks",Remote,6+,"140,000 - 280,000",Focus on scheduling and managing complex ETL workflows.,2018-Present
332,Blockchain Smart Contract Auditor,"Solidity, Ethereum/BNB Chain, Formal Verification Tools, Identifying Security Vulnerabilities (Reentrancy, etc.)",Remote,4-7,"150,000 - 350,000+","Highly specialized, high-pay security niche in Web3.",2021-Present
333,IT Instructor (Data Science/ML),"Teaching experience, Curriculum development, Python/R, Stats, Practical ML knowledge",On-site/Hybrid,3-6,"60,000 - 120,000",Required at bootcamps and universities.,2022-Present
334,Legacy Backend Developer (ColdFusion/Pascal),"Maintenance of highly specific, very old enterprise applications and databases",On-site,10+,"100,000 - 200,000",Extremely niche role in financial or large industrial sectors.,2018-Present
335,Cloud Security Specialist (AWS/Identity),"IAM, SSO, WAF/Security Groups, Compliance standards (HIPAA/PCI-DSS), Threat detection",Remote,5-8,"130,000 - 260,000",Focused on securing cloud environments and access.,2015-2017
336,IT Procurement Manager (Software/SaaS),"Licensing Agreements, Vendor Negotiation (Microsoft/Oracle), Budget Forecasting, Compliance",On-site/Hybrid,6+,"120,000 - 250,000",Focus on strategic sourcing of expensive software.,2020-Present
337,Junior Marketing Technologist (MarTech),"HubSpot/Salesforce Marketing Cloud, Basic HTML/CSS, Data Flows between Marketing Systems",Remote,1-3,"40,000 - 70,000",Bridging marketing strategy with technical tools.,2019-Present
338,Senior Full-Stack Developer (Go/React),"Golang, React/Redux, Microservices, Cloud Deployment (Docker/K8s)",Remote,6+,"140,000 - 280,000","High-performance, modern stack combining speed and flexibility.",2022-Present
339,Data Visualizer / Dashboard Specialist,"Tableau/Power BI/Looker Studio, SQL, Data Storytelling, User-centric Dashboard Design",Remote/Hybrid,3-5,"60,000 - 110,000",Focus on turning data insights into actionable visualizations.,2022-Present
340,Technical Sales Manager (B2B),"IT Services Sales, Solution Architecture, Proposal Writing, Client Presentation Skills",On-site/Hybrid,7+,"150,000 - 300,000 (Plus Commission)",High-stakes sales role targeting large enterprises.,2018-Present
341,RPA Technical Developer (Blue Prism/UiPath),"Advanced bot development, Orchestrator/Control Room management, Error handling framework",Remote/Hybrid,3-6,"80,000 - 160,000","Implementation of complex, resilient robotic processes.",2016-Present
342,Project Manager (Waterfall/Infrastructure),"Traditional PM skills, PMP Certification, managing hardware procurement, network deployment projects",On-site,5-9,"100,000 - 200,000","Found in organizations with rigid, fixed-scope projects.",2020-Present
343,Junior Frontend Developer (Bootstrap/jQuery),"HTML, CSS, JavaScript (basic), Bootstrap framework, website maintenance",On-site,1-2,"25,000 - 45,000",Maintaining small business/NGO websites. (Legacy role),2015-Present
344,AI/ML Researcher (Academic/Govt.),"Publication Record, Statistical Modeling, Grant Application, Collaboration with international universities",On-site,7+,"100,000 - 220,000",Focus on theoretical and applied research for public good.,2015-2018
345,Cloud Architect (Kubernetes/EKS/AKS),"Advanced Kubernetes concepts, Helm, Service Mesh, Cluster Security/Scaling",Remote,6+,"150,000 - 300,000",Specialized role for container orchestration at scale.,2019-Present
346,IT Compliance Analyst (GDPR/Data Privacy),"Data Privacy Regulations (GDPR/CCPA), Data Mapping, Privacy by Design implementation, Auditing",Remote,4-7,"90,000 - 180,000",Essential for companies handling international user data.,2020-Present
347,Technical Writer (Security Focus),"Writing security vulnerability reports, runbooks for incident response, compliance documentation",Remote,4-6,"70,000 - 130,000",Specialization in high-stakes security communication.,2020-Present
348,Senior Full-Stack Developer (Python/Angular),"Python (Django/Flask), Angular (Modern), REST API design, Unit/Integration Testing",Remote/Hybrid,6+,"120,000 - 240,000",Robust enterprise stack combining stability and modern frontend.,2021-Present
349,UX/UI Designer (Figma/Prototyping),"Figma/Sketch, Prototyping (Interaction Design), Wireframing, User-Centered Design Principles",Remote/Hybrid,2-4,"50,000 - 90,000",Standard modern UI/UX role.,2017-Present
350,IT Service Management (ITSM) Specialist,"ITIL Certification, Service Catalogue Management, Process Improvement, Change/Incident Management tools",On-site/Hybrid,5-8,"100,000 - 190,000",Focus on improving and managing IT service delivery.,2018-Present
351,Enterprise Resource Planning (ERP),"SAP S/4HANA, FICO/MM Module, ABAP",Urban Center,7,"185,000","SAP Certification, Stakeholder Management",
352,Cloud Solution Architecture,"AWS/Azure Architecture, Hybrid Cloud, FinOps",Urban Center,10,"250,000","Certified Cloud Architect, Business Strategy",T4
353,DevOps Engineering,"Kubernetes, Azure DevOps, Terraform, GitOps",Remote,6,"170,000","CI/CD pipeline specialization, Security focus",T4
354,Data Engineering,"Spark, Databricks, ETL, Data Warehousing (DW)",Urban Center,4,"105,000","Airflow orchestration, Scala/Python",T4
355,Security Consulting,"DevSecOps, Penetration Testing, Risk Assessment",Urban Center,5,"160,000","CISSP/CISM, ISO 27001, Consulting Experience",T4
356,Product Management,"SaaS, Agile/Scrum, User Story Mapping, UX/UI",Urban Center,8,"195,000","Technology background, Market Analysis",T4
357,LLM Engineer,"Generative AI, Hugging Face, Fine-tuning Models",Urban Center,3,"210,000","Deep Learning Frameworks, NLP Research",T4
358,Quantum Computing,"Qiskit/Cirq, Linear Algebra, Quantum Algorithms",Virtual/MNC,5,"280,000","Theoretical Physics background, Research papers",T5
359,Bio-informatics Data Science,"Genomic Data, Python (Biopython), Statistical Modeling",Urban Center,6,"155,000","Molecular Biology knowledge, High-Performance Computing",T5
360,AR/VR Developer,"Unity/Unreal Engine, C#, 3D Modeling",Urban Center,4,"95,000","Portfolio of immersive projects, UX/Interaction Design",T5
361,Chief Information Security Officer (CISO),"Enterprise Security Strategy, GRC, Crisis Management",Urban Center,15,"400,000","PhD/MBA, Extensive regulatory compliance",T5
362,Cloud Security Architect,"AWS/Azure/GCP Security, Compliance Automation",Urban Center,8,"230,000","CCSP/AWS Security Specialty, Threat Modeling",T4
363,"Governance, Risk, & Compliance (GRC) Analyst","IT Audit, NIST/ISO Frameworks, Policy Implementation",Urban Center,4,"115,000","CISA/CGEIT, Excellent report writing",T4
364,SAP Basis Administrator,"SAP HANA DB, System Monitoring, OS/DB Migration",Urban Center,5,"135,000","Unix/Linux, Disaster Recovery Planning",T4
365,ERP Functional Consultant,"Oracle e-Business Suite (SCM), Process Mapping",Urban Center,6,"150,000","Strong business process acumen, Supply Chain focus",T4
366,Database Administrator (DBA) - Senior,"PostgreSQL/NoSQL, Performance Tuning, Scaling",Urban Center,8,"165,000","Replication strategies, Cloud database services",T4
367,Edge Computing Engineer,"IoT/Sensor Data, Microservices, Low-latency Networking",Urban Center,4,"140,000","Telecommunication background, MQTT Protocol",T4
368,Generative AI Content Specialist,"Prompt Engineering, Content Strategy, Midjourney/DALL-E",Remote,3,"85,000","Creative Writing, Data Visualization",T5
369,Site Reliability Engineer (SRE),"Chaos Engineering, Observability Tools (Prometheus/Grafana)",Urban Center,7,"180,000","Automation Scripting (Python/Go), Incident Response",T5
370,Robotics Process Automation (RPA) Developer,"UiPath/Blue Prism, Process Documentation",Urban Center,3,"90,000","Business Analysis, Financial Services domain",T4
371,MEAL & KM Officer (NGO),"M&E Systems, Data Analysis (Stata/R), Knowledge Management",Regional Town,5,"65,000","Development Sector experience, Field Data Collection",T4
372,ICT Co-Trainer (NGO Project),"Basic Computer Literacy, Android Applications, Training",Rural,2,"35,000","Strong communication, Local language proficiency",T3
373,Project Coordinator (Data Systems),"Project Management, Donor Reporting, MIS Implementation",Urban Center,7,"95,000","PMP/PRINCE2, Experience with UN/International Donor",T3
374,Data Mobilization Specialist,"Mobile Data Collection (ODK/Kobo), GIS Mapping",Regional Town,3,"55,000","Community engagement, GPS/Mapping tools",T3
375,IT Support Specialist (NGO Field Office),"Hardware/Networking Troubleshooting, Helpdesk",Rural,4,"45,000","Basic Server Administration, VSAT/Remote comms",T3
376,GIS Data Manager (LGED),"ArcGIS, Spatial Database, Urban Planning Data",Urban Center,6,"75,000","Cartography, Civil Engineering/Surveying background",T3
377,System Analyst (Public Health),"Health MIS, Data Standards (HL7/FHIR), Requirement Analysis",Urban Center,5,"85,000","Public Health background, Government liaison",T3
378,Steno-Typist-cum-Computer Operator (Govt),"Typing (Bangla/English), File Management, Basic MS Office",Urban Center,10,"40,000","High typing speed, Confidentiality",T3
379,Computer Operator (Municipal Corp.),"Data Entry, Record Keeping (Digital & Paper)",Regional Town,3,"30,000","Basic hardware maintenance, 2015-era role",T2
380,Senior Network Engineer (ISP),"BGP/OSPF, Cisco/MikroTik, Network Security",Urban Center,8,"130,000","CCIE/JNCIE certification, Telecom tower comms",T1
381,Full Stack Developer (FinTech),"MERN/MEAN Stack, Security Best Practices, Payment Gateway",Urban Center,5,"160,000","Microservices, High-availability architecture",T4
382,Cybersecurity Analyst (Entry-Level),"SIEM Monitoring, Incident Triage, Vulnerability Scanning",Urban Center,1,"55,000","Security+/CEH, Scripting (Bash/Python)",T4
383,Digital Transformation Lead,"Change Management, Business Process Re-engineering, Cloud",Urban Center,12,"260,000","MBA/Executive Education, Cross-functional leadership",T4
384,UX/UI Designer,"Figma/Sketch, Design Thinking, User Research",Urban Center,4,"90,000","Prototyping, A/B Testing",T4
385,Mobile App Developer (iOS/Swift),"iOS SDK, Native App Development, Push Notifications",Urban Center,6,"140,000","Performance optimization, App Store deployment",T2
386,Cloud DevOps Engineer (Associate),"Docker, CI/CD, Scripting (Python), Basic Cloud Services",Urban Center,2,"65,000","Cloud certification (associate level), Version Control",T2
387,Legacy System Developer (2015),"COBOL/Fortran, Mainframe, System Maintenance",Urban Center,15,"120,000","Banking/Insurance sector experience, Deep institutional knowledge",T4
388,Blockchain Developer,"Smart Contracts (Solidity), Ethereum/Hyperledger, Cryptography",Urban Center,4,"175,000","DeFi/FinTech focus, Security Auditing",T1
389,IoT Platform Engineer,"M2M Communication, Sensor Integration, Data Stream Processing",Urban Center,6,"150,000","Real-time analytics, Industrial IoT (IIoT)",T5
390,Technical Writer,"API Documentation, Confluence/Jira, Software Development Lifecycle",Remote,3,"50,000","Excellent English proficiency, Markdown/REST API",T5
391,E-commerce Manager (Tech Focus),"Shopify/WooCommerce, Digital Marketing (SEO/PPC), Analytics",Urban Center,5,"110,000",Inventory Management Systems integration,T2
392,Web Designer (2015 Role),"HTML, CSS, Photoshop, Basic JavaScript",Regional Town,3,"35,000","Focus on static sites, Browser compatibility",T3
393,Junior Frontend Developer,"React/Vue/Angular, Responsive Design, State Management",Urban Center,1,"45,000","Strong portfolio, Git usage",T1
394,Data Entry Specialist (Remote),"High WPM, Data Accuracy, MS Excel/Google Sheets",Remote,2,"28,000","Attention to detail, Time management",T2
395,IT Helpdesk Technician,"Windows/Linux Support, Ticketing System, Remote Assistance",Urban Center,2,"40,000","Customer service skills, Hardware/Software repair",T2
396,Senior QA Engineer,"Automated Testing (Selenium/Cypress), Performance Testing",Urban Center,7,"125,000","Test Strategy Definition, Mentorship",T1
397,System Administrator (On-Premises),"Active Directory, Windows Server, Virtualization (VMware)",Urban Center,5,"95,000","Backup/Recovery Solutions, PowerShell scripting",T2
398,Technical Sales Engineer,"Product Demos, Pre-sales Consulting, IT Solution selling",Urban Center,4,"115,000","Excellent presentation skills, Technical depth",T1
399,Senior Software Engineer (2020),"Java/Spring Boot, Relational Databases, Agile Methodology",Urban Center,7,"130,000","Code review, System architecture knowledge",T3
400,Junior MLOps Engineer,"Kubeflow/MLflow, Cloud Deployment (SageMaker/Vertex AI)",Urban Center,1,"75,000","Containerization (Docker), Python ecosystem",T2
,,,,,,,T5